{"_step":0,"_wandb":{"runtime":23},"learning-rate":2.5e-05,"_timestamp":1.7665249938666492e+09,"loss":8.514565467834473,"_runtime":23.643488}