{"loss":1.419109582901001,"_runtime":22.972069,"_step":0,"_wandb":{"runtime":22},"learning-rate":2.5e-05,"_timestamp":1.7665247490305002e+09}